[{"login":"vladzavadsky@gmail.com","pass":"Qw121314!","nick":"vlad","id":0,"unicConnection":1689375691645,"lastConnection":1689375743671,"token":"erTTFYyFwFGk","ava":"uploads/Ff5UVHXxrty7_Знімок екрана 2023-03-28 002618.png","isAdmin":true,"ban":false,"friends":[1],"blockList":[],"aboutMe":"","test":true,"fon":""},{"login":"xilston@gmail.com","pass":"12345678","nick":"xilston","id":1,"unicConnection":1688415647062,"lastConnection":"online","token":"XfCSuEgE9HM1","ava":"uploads/wtmgC45c6Ot1_9EE4454F-CEB8-4DBD-BC4B-E64D13096BC8.jpeg","isAdmin":true,"ban":false,"friends":[],"blockList":[],"aboutMe":"","test":true,"fon":""},{"login":"vladzavadsky2@gmail.com","pass":"Qw121314!","nick":"WWWWWWWWWW","id":2,"unicConnection":1688157853376,"lastConnection":1688157856587,"token":"","ava":"uploads/standartUser.jpeg","isAdmin":false,"ban":false,"friends":[],"blockList":[],"aboutMe":"","test":true,"fon":""},{"login":"qqq@gmail.com","pass":"123456789","nick":"QQQ","id":3,"unicConnection":1685205920842,"lastConnection":1685205953749,"token":"ja9dBU7EFhaA","ava":"uploads/standartUser.jpeg","isAdmin":false,"ban":false,"friends":[],"blockList":[],"aboutMe":"","test":true,"fon":""},{"login":"123@i.ia","pass":"12345678","nick":"123","id":4,"unicConnection":1687971278484,"lastConnection":1687971348275,"token":"hMmDlmdmEOxN","ava":"uploads/standartUser.jpeg","isAdmin":false,"ban":true,"friends":[],"blockList":[],"aboutMe":"","test":true,"fon":""},{"login":"marusja@gmail.com","pass":"12345678","nick":"Маруся","id":5,"unicConnection":1687795320137,"lastConnection":1687795320137,"token":"asdwedwed","ava":"uploads/8N0B72hZJI9A_1FFFD952-C9AF-458A-B93B-7058764B4E3F.jpeg","isAdmin":false,"ban":false,"friends":[],"blockList":[],"aboutMe":"","test":true,"fon":""}]