[{"name":"vlad","ava":"uploads/Ff5UVHXxrty7_Знімок екрана 2023-03-28 002618.png","type":"Room","id":"0","text":"hi","senderId":0,"attach":"","time":"19:16:16"},{"name":"123","ava":"uploads/standartUser.jpeg","type":"Room","id":"0","text":"hellow","senderId":4,"attach":"","time":"19:48:23"},{"name":"123","ava":"uploads/standartUser.jpeg","type":"Room","id":"0","text":"я забаненый лох","senderId":4,"attach":"","time":"19:48:41"},{"name":"xilston","ava":"uploads/wtmgC45c6Ot1_9EE4454F-CEB8-4DBD-BC4B-E64D13096BC8.jpeg","type":"Room","id":"0","text":"fgfg","senderId":1,"attach":"","time":"23:45:05"},{"name":"xilston","ava":"uploads/wtmgC45c6Ot1_9EE4454F-CEB8-4DBD-BC4B-E64D13096BC8.jpeg","type":"Room","id":"0","text":"fgfg","senderId":1,"attach":"","time":"23:45:05"},{"name":"vlad","ava":"uploads/Ff5UVHXxrty7_Знімок екрана 2023-03-28 002618.png","type":"Room","id":"0","text":"ghkj","senderId":0,"attach":"","time":"17:37:22"},{"name":"vlad","ava":"uploads/Ff5UVHXxrty7_Знімок екрана 2023-03-28 002618.png","type":"Room","id":"0","text":"","senderId":0,"attach":"uploads/VzyViGJ19TOF_H5ZU3XNd2M8l_images.jpg","time":"19:37:32"}]