[{"name":"vlad","ava":"uploads/Ff5UVHXxrty7_Знімок екрана 2023-03-28 002618.png","type":"User","id":0,"text":"hi","senderId":0,"receiverId":"4","attach":"","time":"20:55:06"},{"name":"vlad","ava":"uploads/Ff5UVHXxrty7_Знімок екрана 2023-03-28 002618.png","type":"User","id":0,"text":"hi","senderId":0,"receiverId":"4","attach":"","time":"20:55:16"},{"name":"vlad","ava":"uploads/Ff5UVHXxrty7_Знімок екрана 2023-03-28 002618.png","type":"User","id":0,"text":"hellow!","senderId":0,"receiverId":"4","attach":"","time":"20:55:23"}]