[{"name":"vlad","ava":"uploads/Ff5UVHXxrty7_Знімок екрана 2023-03-28 002618.png","type":"User","id":0,"text":"w","senderId":0,"receiverId":"1","attach":"","time":"00:13:17"},{"name":"xilston","ava":"uploads/ban.jpg","type":"User","id":"0","text":"Hhhyjj","senderId":1,"receiverId":"0","attach":"","time":"00:13:24"},{"name":"vlad","ava":"uploads/Ff5UVHXxrty7_Знімок екрана 2023-03-28 002618.png","type":"User","id":0,"text":"d","senderId":0,"receiverId":"1","attach":"","time":"00:15:46"},{"name":"xilston","ava":"uploads/wtmgC45c6Ot1_9EE4454F-CEB8-4DBD-BC4B-E64D13096BC8.jpeg","type":"User","id":"0","text":"dfdf","senderId":1,"receiverId":"0","attach":"","time":"23:45:00"},{"name":"xilston","ava":"uploads/wtmgC45c6Ot1_9EE4454F-CEB8-4DBD-BC4B-E64D13096BC8.jpeg","type":"User","id":"0","text":"dfdf","senderId":1,"receiverId":"0","attach":"","time":"23:45:00"},{"name":"vlad","ava":"uploads/Ff5UVHXxrty7_Знімок екрана 2023-03-28 002618.png","type":"User","id":0,"text":"рмо","senderId":0,"receiverId":"1","attach":"","time":"01:25:00"}]